{"train_loss_history": [2.244369988107204, 2.240892107735717, 2.240112158020849, 2.238654836905702, 2.238974113491642, 2.239322440989198, 2.2394791000731855, 2.2383338886610256, 2.2382914863089804, 2.237815389305737, 2.2368739572205767, 2.2360487216190887, 2.233259185700969, 2.2320544010238756, 2.231234125483872, 2.2272557707474125, 2.221676601360796, 2.2206215841405212, 2.2206073598629756, 2.2172271211089325, 2.2159387144408003, 2.2125004002976314, 2.2122609170209695, 2.213780041927943, 2.2125660963836147], "val_loss_history": [2.2426957266671317, 2.238428776604789, 2.237623177937099, 2.2371227850232804, 2.2342304147992817, 2.235931970051357, 2.2406664412362236, 2.2414920357295447, 2.234643750871931, 2.233882940837315, 2.235228226525443, 2.233580367224557, 2.2287921442304337, 2.2298123046330045, 2.2230273914337157, 2.220996994291033, 2.213255013057164, 2.2215447412218365, 2.216084782736642, 2.209476270675659, 2.2109278338296074, 2.212149257659912, 2.2105657495771136, 2.2096537808009558, 2.2102528503962926], "train_acc_history": [0.1834048640915602, 0.1860912414560489, 0.18809410268637794, 0.19672548084565278, 0.1962804005722464, 0.1985852805595298, 0.1892226990939444, 0.200874264822763, 0.19974566841519661, 0.1993959624860918, 0.20000000000000015, 0.2025910030201878, 0.20869496105547597, 0.20882212684787818, 0.2132888253059925, 0.215259895088221, 0.2240979176601494, 0.22616436178667945, 0.22179303767286596, 0.22614846606262876, 0.22835797170561134, 0.23479573994595418, 0.23492290573835614, 0.23365124781433755, 0.2329518359561278], "val_acc_history": [0.18257142857142858, 0.18819047619047638, 0.1986666666666668, 0.2048571428571429, 0.21285714285714283, 0.20161904761904756, 0.18895238095238107, 0.20057142857142865, 0.206952380952381, 0.2149523809523811, 0.2063809523809524, 0.21190476190476193, 0.21400000000000002, 0.2170476190476191, 0.22161904761904766, 0.2237142857142857, 0.2326666666666666, 0.2228571428571429, 0.22761904761904764, 0.23838095238095244, 0.23619047619047617, 0.23676190476190495, 0.235904761904762, 0.2388571428571428, 0.2392380952380951]}